image_id,predicted_class_id
1,8
3,164
6,8
10,61
12,14
13,54
14,25
16,1
17,135
19,8
22,52
24,90
25,3
26,14
27,23
28,8
29,60
33,50
34,46
38,50
39,143
44,3
45,3
47,2
48,59
50,143
52,44
54,1
57,25
59,8
61,1
63,176
65,64
68,44
70,141
71,27
76,100
79,52
82,3
83,44
85,65
87,65
88,4
90,60
91,52
92,65
93,36
94,4
95,60
98,107
100,104
101,8
103,136
106,141
107,18
108,8
112,10
114,8
118,107
119,164
126,106
129,149
130,44
132,65
133,45
134,85
135,71
139,18
144,14
146,110
147,44
149,50
150,142
154,90
155,44
156,60
157,50
161,90
162,8
163,52
165,145
167,72
169,146
170,72
171,56
173,6
175,163
178,72
179,133
180,36
183,32
185,141
186,117
190,107
191,33
192,23
193,12
198,14
199,33
200,133
201,124
205,6
207,58
208,33
210,14
211,10
212,75
214,33
217,27
219,93
223,24
226,9
229,169
231,92
233,29
234,4
236,28
237,18
239,194
240,146
244,165
246,94
251,147
252,52
255,190
259,28
260,10
265,22
271,146
277,66
279,9
282,110
286,84
292,92
298,37
300,62
304,28
308,6
309,138
311,63
312,104
314,6
315,184
325,34
329,22
330,18
337,12
340,157
343,43
344,11
346,88
348,194
350,55
351,163
352,88
354,90
356,151
357,106
360,22
363,93
365,152
369,45
370,6
371,162
372,70
373,177
381,101
382,8
383,50
384,46
386,6
387,54
389,90
391,58
394,25
405,54
407,84
408,23
410,136
412,66
419,6
420,50
422,61
424,9
425,64
430,30
434,187
435,110
438,8
439,110
440,82
442,184
443,24
445,133
447,24
448,63
449,29
450,104
451,73
453,107
454,24
455,10
457,136
458,73
459,89
462,110
463,9
468,44
472,107
473,25
475,30
480,142
483,29
487,9
488,23
492,10
493,12
494,44
498,9
499,49
501,10
503,14
506,9
508,139
509,57
510,22
512,28
513,10
514,28
516,13
517,12
519,75
521,10
522,13
525,33
526,12
528,10
532,10
534,139
536,10
538,58
540,148
543,34
546,72
548,190
550,86
551,110
553,10
556,9
558,136
560,192
563,124
565,190
567,192
569,129
571,109
572,135
573,36
578,159
579,142
580,36
582,1
583,110
584,109
585,184
586,52
589,125
590,26
592,191
594,6
597,98
602,110
603,199
604,109
608,20
609,109
610,47
615,12
616,12
618,149
622,12
623,12
624,33
627,81
632,109
634,154
637,12
638,12
640,126
643,24
644,101
646,12
649,95
650,10
651,89
654,96
656,98
658,95
659,12
661,13
664,43
665,29
673,161
674,92
675,124
676,109
679,144
681,3
683,14
684,187
686,182
687,84
688,22
689,13
692,24
695,46
696,192
697,72
698,62
700,89
703,163
704,77
705,13
707,81
708,29
709,13
711,72
714,13
718,36
721,14
723,14
724,54
726,33
728,14
731,149
737,14
738,23
739,14
742,126
743,14
745,14
749,182
750,14
752,14
753,95
757,64
759,14
761,160
763,182
764,139
765,14
766,16
767,139
771,176
772,73
773,14
774,139
777,83
779,14
783,14
785,185
786,14
787,15
795,143
796,15
797,78
799,36
800,173
802,90
803,14
804,14
805,33
808,31
809,33
811,134
815,182
817,54
820,106
821,41
824,40
825,14
826,187
827,164
830,113
831,138
832,125
837,14
838,16
839,16
840,33
842,42
844,33
846,153
847,16
848,177
849,152
850,12
851,21
852,33
854,139
858,83
866,16
868,12
869,16
876,139
878,70
880,96
882,63
883,42
885,16
886,16
887,33
890,153
892,62
893,139
896,139
897,139
899,17
901,92
903,17
904,42
905,35
908,42
909,42
911,140
913,42
914,42
915,144
919,140
921,34
924,17
930,17
932,139
933,124
936,95
938,68
940,140
942,139
944,25
945,140
948,35
949,17
953,18
958,63
961,140
962,75
968,70
969,22
971,18
973,33
976,35
977,197
978,24
983,180
993,18
996,43
997,18
998,144
999,59
1001,101
1003,49
1005,33
1006,134
1009,33
1011,154
1012,37
1013,33
1014,65
1016,56
1018,18
1021,68
1025,5
1028,162
1030,75
1031,110
1033,61
1035,138
1036,33
1038,43
1041,22
1043,164
1044,109
1046,24
1047,13
1050,32
1054,106
1057,141
1061,33
1062,14
1063,169
1064,177
1066,16
1068,68
1070,177
1071,20
1072,177
1075,166
1076,31
1077,180
1081,133
1082,182
1084,122
1086,169
1089,162
1090,162
1092,177
1095,177
1096,64
1097,119
1099,169
1102,96
1104,32
1105,149
1108,73
1109,48
1116,178
1117,136
1118,187
1119,109
1127,33
1128,94
1131,58
1132,36
1133,140
1136,187
1137,32
1138,182
1142,125
1143,190
1144,9
1148,153
1150,99
1153,106
1154,185
1158,46
1159,163
1160,177
1161,85
1162,110
1164,136
1168,110
1169,148
1170,109
1172,22
1174,133
1176,50
1177,110
1178,33
1179,199
1180,28
1182,190
1183,149
1190,89
1192,22
1193,194
1195,76
1199,22
1200,33
1206,122
1209,110
1211,33
1212,33
1215,32
1216,6
1217,29
1218,188
1220,33
1223,110
1225,124
1226,22
1230,194
1234,22
1235,190
1237,50
1240,9
1243,46
1244,25
1247,6
1249,9
1254,44
1255,63
1257,9
1258,50
1261,4
1262,90
1264,9
1265,191
1266,9
1267,9
1268,44
1269,24
1271,30
1272,63
1273,9
1275,187
1281,9
1283,107
1284,106
1285,8
1289,29
1292,142
1293,26
1295,42
1297,187
1301,84
1304,6
1305,152
1306,10
1313,190
1315,12
1316,12
1317,26
1319,14
1321,23
1323,192
1325,24
1330,146
1333,10
1335,5
1339,3
1341,10
1342,24
1345,106
1347,9
1348,92
1350,7
1351,28
1352,9
1356,90
1359,89
1364,1
1367,100
1371,54
1372,44
1373,88
1376,8
1379,191
1382,10
1385,72
1386,88
1387,92
1388,50
1390,42
1391,25
1392,191
1393,135
1394,6
1395,9
1396,66
1397,22
1399,9
1400,187
1409,33
1410,52
1411,9
1412,30
1413,26
1416,106
1419,107
1421,27
1422,27
1423,66
1424,24
1425,29
1427,138
1430,28
1431,92
1432,187
1433,135
1434,9
1435,134
1437,113
1442,29
1443,27
1446,109
1448,36
1449,124
1450,25
1451,32
1454,28
1457,34
1462,134
1463,10
1467,149
1471,113
1473,161
1477,42
1478,30
1479,60
1480,73
1481,33
1482,134
1483,9
1485,107
1487,12
1490,65
1492,29
1494,122
1495,89
1496,9
1497,29
1498,134
1502,9
1503,61
1506,141
1507,72
1513,149
1517,143
1518,194
1520,92
1521,107
1522,32
1524,28
1525,28
1526,145
1529,159
1531,187
1534,163
1536,190
1538,59
1539,37
1542,195
1545,28
1546,28
1550,22
1551,28
1553,122
1555,190
1556,187
1558,28
1559,28
1560,28
1561,192
1563,185
1566,28
1568,33
1570,25
1575,143
1576,6
1577,192
1580,197
1583,72
1593,23
1594,6
1596,106
1597,23
1600,44
1602,26
1605,58
1606,72
1607,9
1609,105
1610,10
1611,10
1612,86
1613,141
1614,4
1615,44
1616,110
1618,107
1625,184
1626,136
1627,86
1628,8
1629,12
1630,89
1631,188
1633,29
1634,106
1636,9
1640,8
1643,12
1644,44
1646,30
1648,134
1649,182
1651,6
1652,49
1655,30
1656,11
1659,24
1660,25
1661,29
1662,30
1664,49
1665,30
1666,84
1667,1
1673,30
1678,9
1679,9
1682,9
1683,32
1692,89
1693,49
1694,50
1695,8
1696,13
1697,71
1698,25
1700,85
1702,32
1705,33
1708,35
1710,140
1712,182
1713,61
1715,14
1718,152
1719,161
1722,33
1723,106
1725,161
1728,161
1729,32
1730,47
1733,176
1736,32
1737,152
1738,31
1739,153
1743,153
1745,61
1746,185
1748,168
1750,109
1753,51
1755,106
1756,57
1760,172
1761,33
1768,124
1771,33
1776,24
1777,190
1780,32
1782,140
1783,54
1784,106
1785,101
1786,32
1788,138
1791,14
1793,32
1796,32
1797,106
1798,119
1799,153
1800,27
1804,15
1805,154
1807,33
1811,32
1814,22
1816,33
1819,33
1822,109
1826,143
1828,186
1829,177
1832,161
1836,18
1838,106
1840,32
1843,32
1844,33
1845,14
1846,33
1847,33
1848,8
1851,14
1853,167
1856,187
1857,173
1859,161
1861,32
1862,149
1865,69
1866,33
1867,32
1869,33
1871,33
1873,22
1874,138
1876,192
1882,133
1884,7
1885,34
1887,195
1888,56
1890,141
1891,42
1893,64
1894,22
1896,46
1900,120
1901,179
1902,192
1906,110
1908,3
1909,46
1910,120
1913,83
1915,133
1916,122
1917,92
1919,192
1924,107
1925,85
1926,46
1927,52
1931,46
1935,89
1937,35
1939,64
1940,35
1942,17
1943,102
1944,56
1946,70
1947,35
1948,83
1950,124
1956,68
1958,35
1959,89
1960,42
1962,46
1964,78
1965,33
1966,140
1967,51
1968,56
1969,56
1976,35
1980,24
1983,185
1984,42
1985,52
1986,35
1987,176
1989,89
1993,22
1995,187
1996,190
1997,28
1999,14
2000,8
2004,126
2005,190
2006,32
2008,106
2010,46
2014,34
2015,106
2016,28
2020,150
2021,149
2024,125
2027,94
2029,164
2030,90
2031,19
2032,85
2035,134
2037,34
2039,34
2040,92
2043,129
2048,56
2049,36
2051,17
2057,50
2059,42
2060,95
2062,170
2063,32
2064,99
2067,177
2070,142
2072,43
2073,65
2074,144
2075,37
2076,177
2077,101
2081,64
2084,139
2086,24
2091,43
2092,22
2093,80
2096,110
2098,53
2100,37
2101,141
2104,172
2107,46
2108,85
2109,7
2111,172
2112,67
2119,200
2120,73
2123,164
2126,180
2127,55
2128,109
2129,149
2131,172
2132,57
2134,40
2135,177
2139,40
2141,65
2142,77
2143,33
2145,43
2146,158
2148,77
2150,70
2153,182
2156,177
2158,153
2160,13
2162,161
2163,153
2164,61
2168,55
2170,151
2171,152
2179,169
2180,33
2183,176
2184,65
2186,10
2188,124
2189,43
2190,35
2193,39
2194,46
2195,37
2200,192
2201,169
2203,150
2204,110
2206,171
2207,40
2209,130
2211,1
2212,61
2213,18
2216,65
2218,161
2219,32
2222,182
2223,180
2226,34
2229,106
2230,33
2231,136
2234,84
2236,53
2239,23
2242,106
2244,40
2249,40
2250,77
2252,136
2256,28
2257,86
2258,65
2260,40
2264,44
2265,162
2268,77
2269,54
2273,13
2274,143
2276,40
2278,44
2280,88
2281,40
2282,77
2283,109
2284,53
2285,44
2287,145
2288,101
2290,182
2292,59
2293,124
2294,41
2295,141
2297,41
2298,77
2300,41
2302,144
2303,113
2305,77
2306,36
2307,93
2308,3
2310,64
2312,101
2315,66
2316,42
2318,143
2319,128
2321,135
2322,136
2327,144
2328,145
2329,143
2330,88
2331,184
2336,18
2338,145
2341,156
2348,42
2351,82
2355,141
2357,139
2358,139
2360,42
2361,139
2362,42
2363,140
2365,139
2366,177
2367,42
2368,139
2370,42
2371,139
2374,68
2376,42
2377,140
2379,42
2380,42
2381,42
2382,95
2389,42
2390,42
2393,42
2394,42
2399,42
2400,42
2404,42
2409,83
2410,97
2411,169
2412,18
2413,115
2415,152
2418,185
2421,40
2423,196
2427,176
2430,18
2431,70
2434,176
2435,164
2436,18
2437,178
2438,175
2442,14
2444,85
2445,177
2450,153
2452,126
2453,165
2454,95
2456,106
2457,70
2459,18
2463,37
2464,155
2466,77
2468,43
2470,107
2472,72
2473,187
2474,72
2475,44
2476,49
2481,44
2482,142
2483,139
2485,44
2488,44
2489,44
2491,40
2492,44
2493,49
2494,136
2495,44
2496,10
2497,44
2498,44
2499,139
2500,44
2503,44
2505,17
2507,44
2508,89
2511,187
2514,2
2520,44
2525,25
2531,95
2532,141
2538,7
2540,60
2541,141
2547,40
2548,22
2549,90
2551,6
2552,50
2553,9
2556,3
2557,63
2559,50
2561,143
2569,22
2570,150
2571,90
2572,11
2574,40
2575,60
2577,63
2578,63
2579,86
2580,144
2581,101
2582,141
2583,93
2588,63
2589,63
2590,46
2592,65
2594,52
2596,124
2599,107
2600,85
2603,46
2604,50
2606,84
2607,11
2609,98
2610,46
2611,124
2613,53
2614,124
2617,52
2618,124
2619,86
2622,46
2624,46
2627,46
2628,90
2630,46
2631,107
2632,50
2633,89
2636,198
2640,194
2648,52
2649,34
2650,182
2652,33
2653,47
2655,47
2657,162
2658,180
2660,177
2662,47
2669,47
2670,47
2671,47
2673,80
2674,47
2675,55
2676,177
2677,47
2678,98
2680,28
2681,182
2685,77
2689,177
2691,165
2693,177
2694,139
2695,177
2696,161
2703,169
2705,177
2707,37
2709,37
2710,81
2711,48
2712,16
2713,95
2715,33
2716,122
2717,12
2725,162
2727,48
2730,153
2731,190
2733,89
2735,189
2736,185
2737,136
2738,95
2740,185
2744,157
2746,128
2751,62
2752,34
2753,85
2760,40
2761,12
2763,89
2764,74
2765,106
2766,109
2767,168
2769,96
2770,10
2773,9
2774,149
2776,26
2778,134
2780,134
2782,9
2783,49
2784,52
2785,14
2789,36
2790,54
2792,9
2796,36
2799,138
2801,23
2802,166
2803,72
2804,33
2805,26
2806,9
2807,69
2810,46
2812,92
2813,9
2818,79
2822,134
2824,192
2826,49
2829,30
2830,52
2831,1
2834,8
2835,90
2836,24
2837,52
2839,90
2845,45
2846,136
2847,53
2848,8
2851,86
2852,90
2853,8
2858,8
2862,53
2863,60
2866,51
2867,90
2868,86
2869,52
2873,50
2874,50
2875,6
2878,50
2879,52
2880,51
2883,90
2885,54
2887,65
2892,90
2893,144
2897,107
2898,35
2900,72
2901,6
2902,51
2904,52
2906,52
2908,1
2909,90
2913,52
2915,90
2917,88
2918,52
2919,61
2920,58
2921,52
2923,46
2924,6
2926,50
2929,42
2934,124
2935,122
2936,50
2938,89
2940,53
2941,66
2942,185
2949,70
2951,115
2952,52
2957,51
2959,55
2960,52
2961,185
2963,89
2965,89
2967,113
2968,124
2971,90
2974,195
2975,14
2977,42
2979,90
2981,52
2982,122
2983,97
2984,134
2988,92
2991,52
2992,52
2993,50
2995,90
2997,10
3001,36
3004,52
3005,69
3006,34
3007,52
3011,81
3012,8
3013,3
3015,77
3018,101
3019,53
3021,77
3022,111
3025,53
3029,86
3032,60
3034,144
3037,132
3039,90
3045,6
3050,187
3051,90
3053,192
3055,45
3056,53
3057,52
3058,53
3059,72
3060,50
3061,106
3062,46
3063,198
3064,142
3066,37
3067,45
3071,14
3072,168
3074,124
3075,162
3076,95
3078,14
3080,74
3081,9
3083,57
3084,33
3087,14
3090,179
3091,54
3097,9
3098,149
3099,182
3100,16
3101,14
3105,14
3107,194
3108,89
3110,14
3111,14
3112,83
3116,8
3118,33
3124,16
3127,4
3128,15
3129,14
3130,3
3131,197
3133,109
3135,98
3136,96
3137,124
3138,55
3140,37
3144,166
3146,55
3148,55
3150,31
3151,182
3153,55
3154,182
3155,61
3156,129
3162,57
3166,98
3168,55
3169,157
3170,120
3171,33
3172,89
3176,190
3179,95
3182,95
3184,110
3185,124
3186,133
3190,56
3191,11
3192,192
3193,65
3195,35
3198,17
3201,66
3204,35
3206,124
3211,56
3216,35
3218,17
3219,17
3220,36
3222,69
3223,111
3225,129
3226,8
3227,190
3228,34
3230,140
3231,106
3233,42
3239,185
3242,143
3243,111
3244,17
3246,17
3247,35
3249,17
3251,139
3252,122
3253,191
3254,106
3257,191
3258,33
3259,22
3261,90
3264,57
3267,59
3269,122
3273,68
3276,33
3280,139
3282,33
3284,106
3285,93
3287,9
3290,191
3291,22
3292,33
3294,57
3295,57
3296,152
3298,31
3299,33
3301,172
3302,57
3305,33
3307,32
3312,58
3313,90
3315,187
3317,93
3318,25
3319,25
3321,89
3322,63
3323,8
3326,42
3327,106
3328,6
3329,10
3330,121
3331,70
3342,36
3344,53
3350,58
3351,159
3353,4
3354,1
3356,90
3357,199
3358,90
3359,6
3361,81
3364,109
3367,89
3368,9
3370,28
3372,77
3376,59
3377,138
3378,14
3379,106
3383,141
3384,141
3386,104
3390,63
3391,53
3393,122
3399,72
3400,17
3403,123
3404,46
3406,127
3408,60
3409,29
3410,61
3411,72
3413,145
3414,12
3416,66
3417,9
3418,89
3419,185
3420,138
3421,156
3428,63
3432,9
3433,141
3434,45
3436,63
3442,63
3444,142
3445,6
3446,106
3448,60
3449,59
3450,194
3452,71
3453,45
3454,189
3455,14
3457,64
3461,64
3465,24
3469,110
3470,150
3472,7
3474,84
3475,141
3477,63
3478,101
3480,63
3483,66
3485,10
3487,45
3489,3
3490,61
3491,9
3492,18
3494,142
3495,72
3496,104
3499,3
3500,92
3505,184
3511,45
3513,92
3514,61
3515,185
3519,13
3521,46
3522,41
3525,63
3526,93
3527,134
3528,26
3529,107
3530,63
3531,134
3536,93
3537,65
3538,61
3541,61
3543,52
3547,92
3548,58
3549,146
3550,26
3552,54
3554,81
3556,60
3557,84
3562,60
3566,6
3568,66
3570,17
3573,28
3576,101
3577,62
3579,141
3580,143
3581,37
3582,106
3584,64
3585,46
3592,63
3593,60
3594,65
3596,10
3598,198
3600,52
3601,33
3603,163
3604,100
3607,61
3613,143
3615,63
3619,145
3622,143
3623,63
3624,65
3626,63
3627,63
3631,138
3632,63
3633,61
3636,63
3638,63
3639,45
3641,63
3642,72
3643,60
3644,63
3646,63
3648,102
3649,122
3651,63
3652,144
3654,143
3656,129
3659,107
3662,66
3664,144
3666,72
3667,63
3668,64
3669,124
3673,63
3677,110
3679,65
3680,63
3682,141
3683,142
3684,164
3685,144
3686,6
3688,76
3691,3
3696,65
3698,65
3699,195
3704,110
3705,63
3707,100
3708,142
3711,184
3713,65
3714,141
3716,86
3717,6
3719,147
3722,141
3723,50
3726,145
3727,93
3729,93
3732,61
3733,101
3735,90
3742,60
3744,61
3745,107
3749,145
3750,63
3751,53
3753,61
3755,147
3758,50
3760,1
3763,86
3766,63
3767,144
3768,65
3771,89
3777,59
3778,65
3779,41
3782,23
3788,49
3789,65
3791,9
3793,187
3796,3
3797,65
3798,63
3800,65
3804,106
3806,101
3808,15
3809,147
3813,143
3814,23
3820,63
3821,137
3823,63
3825,41
3826,60
3827,59
3828,101
3829,65
3830,89
3831,45
3834,143
3836,142
3837,17
3838,42
3840,106
3842,139
3844,66
3846,192
3847,40
3851,42
3852,52
3855,67
3856,95
3857,10
3859,77
3863,69
3870,139
3871,42
3875,153
3876,139
3877,52
3878,54
3879,137
3880,78
3881,38
3882,67
3883,157
3884,140
3885,46
3886,42
3895,70
3896,59
3898,42
3899,127
3900,24
3903,119
3907,68
3908,35
3909,67
3911,68
3914,70
3917,176
3918,47
3921,97
3923,18
3924,139
3925,93
3926,63
3927,117
3929,42
3934,68
3935,33
3937,67
3938,70
3939,71
3940,77
3943,141
3944,42
3945,85
3947,67
3951,82
3953,18
3958,42
3960,17
3963,136
3965,139
3968,140
3971,68
3973,140
3974,139
3976,88
3977,17
3978,67
3980,77
3982,42
3983,17
3985,140
3986,47
3987,16
3989,42
3991,140
3992,139
3993,17
3994,139
3999,136
4001,17
4002,137
4004,41
4009,42
4010,140
4013,144
4014,153
4020,42
4021,139
4025,70
4026,70
4033,70
4034,83
4036,47
4037,14
4038,109
4040,189
4042,109
4043,42
4045,70
4046,159
4047,83
4048,70
4050,179
4051,14
4052,70
4053,42
4054,12
4056,70
4058,97
4059,37
4062,3
4063,70
4064,33
4065,31
4070,70
4073,27
4077,121
4080,110
4081,44
4083,45
4084,44
4085,7
4086,50
4087,90
4088,72
4089,23
4094,72
4098,59
4099,42
4101,9
4102,54
4104,8
4106,63
4108,71
4109,143
4110,72
4115,89
4118,35
4119,136
4120,194
4121,50
4123,72
4125,92
4128,72
4132,143
4135,61
4138,96
4139,72
4140,53
4141,81
4144,45
4145,3
4148,137
4150,1
4151,72
4152,71
4153,44
4161,24
4163,142
4168,1
4169,135
4172,72
4175,50
4176,143
4177,90
4179,72
4180,1
4181,104
4182,44
4185,50
4186,90
4187,72
4189,142
4192,143
4195,72
4196,52
4198,15
4200,192
4202,164
4204,16
4205,84
4206,14
4207,63
4210,15
4212,89
4213,28
4215,164
4217,48
4220,189
4222,73
4224,1
4225,20
4226,189
4227,14
4228,33
4231,134
4235,107
4237,93
4245,106
4246,164
4247,164
4249,164
4250,136
4252,16
4253,90
4255,53
4258,15
4261,96
4262,74
4264,106
4265,54
4270,14
4274,164
4277,33
4280,133
4281,14
4284,33
4285,92
4287,14
4288,8
4292,126
4293,168
4294,138
4295,74
4298,32
4300,74
4304,149
4305,12
4307,164
4308,14
4310,74
4311,148
4312,74
4313,49
4314,22
4315,81
4317,179
4318,89
4319,142
4322,75
4323,75
4327,153
4330,35
4333,181
4335,70
4336,75
4337,178
4338,177
4339,169
4340,14
4344,33
4351,47
4353,101
4357,139
4359,50
4364,123
4365,33
4366,164
4367,31
4368,12
4371,169
4372,157
4373,12
4375,46
4376,25
4377,124
4378,141
4379,26
4381,129
4382,6
4384,60
4386,149
4388,16
4389,86
4393,63
4395,65
4396,61
4397,52
4399,42
4400,144
4402,46
4403,142
4404,106
4408,89
4409,126
4411,126
4413,63
4418,126
4419,187
4421,133
4425,144
4430,106
4431,21
4436,113
4438,47
4441,12
4442,182
4444,18
4446,77
4447,77
4451,77
4455,47
4457,88
4460,32
4461,180
4462,77
4463,84
4464,166
4466,161
4467,33
4468,162
4469,77
4470,162
4472,88
4474,77
4479,4
4480,75
4481,65
4486,24
4487,176
4488,145
4492,98
4493,44
4496,7
4497,78
4499,72
4500,40
4501,38
4502,144
4503,40
4504,77
4505,37
4506,65
4507,70
4512,152
4514,143
4515,175
4516,120
4517,70
4522,104
4525,40
4527,81
4532,144
4533,97
4535,40
4536,77
4537,40
4538,40
4543,75
4545,138
4547,77
4552,44
4555,190
4560,194
4566,102
4571,197
4576,107
4577,14
4579,63
4583,14
4584,150
4585,153
4586,81
4587,36
4588,167
4589,63
4591,122
4592,133
4593,40
4594,40
4595,72
4596,124
4597,10
4598,3
4600,60
4601,54
4602,157
4603,192
4605,32
4606,33
4610,40
4611,118
4613,33
4615,80
4618,113
4622,13
4623,153
4624,81
4626,178
4630,1
4633,161
4636,176
4637,5
4638,14
4640,178
4641,126
4642,57
4643,141
4644,72
4648,106
4649,35
4650,31
4651,144
4652,53
4662,126
4663,81
4664,70
4666,177
4667,81
4668,31
4670,70
4671,33
4673,81
4675,126
4676,126
4679,142
4681,141
4682,81
4684,65
4685,145
4687,81
4689,81
4690,63
4693,81
4696,81
4697,93
4698,65
4704,126
4705,194
4707,187
4709,110
4710,106
4711,163
4715,104
4720,46
4721,194
4722,11
4725,6
4728,14
4730,72
4731,28
4732,13
4733,28
4735,44
4736,50
4739,72
4740,16
4741,169
4742,110
4746,143
4750,77
4751,56
4752,44
4753,83
4754,83
4755,2
4758,135
4759,51
4761,109
4763,127
4766,82
4771,88
4773,111
4774,33
4775,36
4778,133
4781,136
4783,31
4785,97
4787,32
4789,33
4791,83
4793,17
4795,33
4796,42
4797,152
4798,120
4800,12
4802,42
4805,52
4808,14
4811,139
4815,33
4816,139
4817,57
4818,169
4819,109
4823,17
4824,22
4825,10
4827,182
4829,17
4830,14
4831,177
4832,139
4833,72
4834,154
4836,47
4837,157
4843,165
4846,136
4847,113
4854,6
4856,146
4862,66
4863,101
4864,162
4865,84
4866,37
4870,141
4872,84
4874,54
4875,146
4879,106
4883,106
4884,159
4885,18
4888,6
4889,138
4890,101
4891,45
4901,59
4902,84
4903,59
4905,63
4908,127
4909,86
4911,190
4913,45
4914,124
4915,85
4917,156
4918,124
4919,55
4921,155
4924,124
4925,85
4926,135
4927,85
4928,124
4931,175
4932,85
4934,194
4936,115
4939,126
4940,104
4942,26
4943,72
4944,144
4949,46
4958,125
4960,190
4962,1
4963,124
4965,110
4966,6
4967,86
4971,63
4973,90
4976,86
4978,144
4979,59
4980,142
4981,9
4982,1
4983,46
4984,144
4986,90
4987,30
4989,65
4990,86
4991,192
4995,86
4996,90
4998,9
4999,86
5002,89
5005,187
5009,8
5010,104
5012,141
5013,3
5015,9
5021,41
5025,63
5026,73
5027,28
5028,136
5029,93
5031,36
5034,109
5036,17
5041,32
5045,194
5046,149
5049,106
5051,57
5055,58
5056,14
5057,22
5059,16
5060,73
5061,109
5062,90
5066,87
5070,185
5071,89
5072,83
5074,10
5077,87
5078,36
5081,14
5082,16
5084,199
5085,118
5090,24
5094,168
5095,77
5097,88
5098,176
5100,95
5101,77
5102,175
5103,101
5104,146
5105,88
5106,36
5107,95
5108,175
5110,22
5113,52
5115,46
5118,121
5119,176
5120,88
5122,124
5124,12
5125,124
5132,124
5133,110
5134,88
5136,92
5137,124
5140,88
5141,88
5146,8
5150,192
5154,95
5156,89
5160,93
5161,89
5165,51
5166,191
5167,81
5169,81
5177,133
5178,65
5179,89
5182,106
5183,89
5186,188
5188,89
5189,90
5190,89
5191,46
5192,6
5193,90
5195,153
5197,90
5198,89
5199,28
5201,46
5202,169
5203,89
5205,9
5207,14
5209,142
5213,1
5214,46
5216,8
5218,90
5219,89
5220,109
5223,89
5224,26
5225,124
5226,60
5227,90
5228,53
5229,89
5232,8
5234,50
5238,90
5240,52
5243,90
5245,90
5247,8
5250,40
5253,27
5254,90
5257,90
5258,89
5259,90
5263,90
5265,89
5266,18
5272,40
5273,124
5274,33
5275,148
5276,81
5277,66
5282,33
5283,106
5284,141
5290,61
5291,14
5293,81
5296,192
5298,54
5299,99
5301,77
5306,127
5307,18
5309,19
5311,56
5312,28
5316,75
5317,7
5318,77
5319,146
5320,70
5321,93
5324,63
5325,149
5326,92
5328,125
5329,6
5330,190
5331,110
5332,92
5334,192
5335,33
5336,113
5337,33
5343,187
5344,113
5346,101
5347,144
5349,92
5352,26
5353,78
5361,150
5363,92
5364,6
5365,120
5369,81
5372,92
5373,42
5376,92
5377,92
5379,190
5380,143
5383,81
5384,124
5386,7
5387,89
5388,28
5389,93
5390,93
5391,92
5395,105
5399,22
5402,24
5403,192
5406,86
5407,187
5409,13
5410,144
5411,184
5412,198
5413,26
5421,84
5422,37
5423,63
5426,50
5427,77
5428,187
5431,4
5434,72
5435,45
5437,110
5438,84
5440,124
5445,26
5446,83
5447,138
5448,70
5449,92
5451,63
5453,73
5455,150
5456,64
5457,184
5464,86
5468,192
5470,46
5471,52
5474,110
5476,156
5478,141
5479,93
5480,187
5483,184
5485,138
5487,9
5488,89
5489,84
5491,60
5494,7
5496,6
5497,106
5499,23
5502,63
5505,64
5506,95
5508,65
5509,95
5510,33
5515,10
5519,95
5520,12
5521,63
5524,95
5525,140
5527,182
5529,95
5530,95
5531,42
5532,95
5533,55
5536,16
5537,95
5538,82
5539,95
5541,33
5542,109
5544,95
5546,12
5547,172
5548,95
5550,5
5551,95
5552,182
5555,75
5567,177
5568,95
5569,95
5570,77
5571,101
5572,17
5574,169
5575,33
5576,128
5578,88
5580,139
5585,47
5588,47
5589,95
5591,95
5597,182
5598,95
5602,95
5605,33
5608,182
5610,177
5613,95
5614,182
5615,12
5616,17
5617,169
5622,139
5623,32
5624,169
5625,101
5626,33
5627,33
5632,169
5633,95
5634,192
5638,136
5639,139
5640,12
5644,139
5645,12
5647,70
5649,68
5650,4
5652,33
5653,61
5654,32
5656,95
5659,140
5660,33
5664,95
5665,95
5667,33
5668,54
5669,55
5672,7
5677,22
5679,127
5682,42
5683,139
5685,47
5686,10
5687,169
5692,177
5693,182
5694,195
5697,182
5700,169
5703,55
5706,98
5707,105
5711,95
5712,32
5714,180
5715,172
5717,32
5719,95
5722,55
5725,88
5728,139
5730,12
5731,162
5734,44
5735,95
5736,95
5738,168
5739,47
5740,7
5741,88
5742,32
5746,125
5748,163
5749,125
5751,122
5752,124
5753,28
5755,157
5757,124
5759,164
5760,133
5763,124
5766,152
5767,60
5768,149
5769,126
5774,124
5775,28
5777,50
5784,26
5785,126
5786,183
5787,90
5788,18
5789,88
5791,159
5795,190
5797,124
5798,26
5799,192
5801,153
5805,52
5806,195
5807,197
5808,72
5809,138
5810,160
5813,136
5814,25
5815,92
5816,40
5817,92
5818,101
5820,65
5823,72
5829,93
5837,101
5838,9
5843,111
5846,12
5847,44
5848,26
5853,85
5854,4
5855,44
5856,8
5858,72
5859,13
5861,6
5862,89
5863,89
5865,34
5867,106
5868,8
5870,101
5871,153
5873,36
5877,63
5884,56
5885,184
5886,101
5889,46
5893,66
5897,184
5898,60
5901,101
5903,124
5905,36
5907,106
5909,93
5911,52
5915,123
5917,6
5918,47
5920,109
5921,45
5923,84
5924,135
5925,186
5926,56
5927,157
5928,138
5929,44
5933,56
5936,47
5938,41
5940,43
5941,6
5942,59
5944,88
5949,37
5952,113
5954,40
5955,91
5959,102
5965,150
5969,60
5971,88
5972,108
5973,107
5974,185
5975,24
5976,26
5978,40
5983,185
5984,104
5985,10
5986,50
5987,172
5989,45
5991,196
5993,150
5996,64
5998,93
5999,137
6001,97
6002,93
6005,121
6009,179
6010,36
6011,69
6012,47
6013,135
6014,78
6015,192
6016,159
6019,65
6029,192
6030,123
6032,135
6033,197
6036,186
6038,22
6045,86
6047,110
6048,187
6049,150
6050,110
6051,52
6054,37
6055,93
6056,187
6057,22
6062,36
6065,7
6067,113
6069,149
6071,74
6072,9
6073,61
6076,105
6077,113
6078,122
6084,110
6086,149
6087,44
6089,161
6090,198
6091,6
6092,13
6093,194
6098,105
6100,148
6101,177
6104,26
6105,18
6106,33
6107,124
6112,110
6113,122
6114,6
6115,32
6116,22
6119,92
6123,130
6125,22
6129,105
6136,113
6138,22
6141,22
6145,46
6147,22
6148,106
6150,138
6152,34
6153,26
6155,92
6157,89
6158,198
6159,187
6160,26
6161,106
6162,129
6163,143
6164,100
6165,14
6170,26
6173,28
6174,89
6176,8
6187,195
6192,84
6193,63
6195,187
6197,4
6198,7
6199,86
6200,26
6201,187
6202,164
6204,30
6205,107
6206,9
6207,142
6209,72
6210,6
6211,9
6212,77
6215,187
6217,30
6221,110
6222,6
6225,107
6226,9
6227,9
6229,34
6231,10
6232,65
6234,13
6236,107
6241,28
6244,29
6245,10
6252,9
6253,9
6254,26
6255,133
6259,119
6260,107
6262,106
6263,107
6266,62
6268,29
6269,159
6270,99
6272,113
6274,30
6276,52
6278,120
6279,63
6281,109
6282,187
6284,30
6286,54
6289,6
6293,169
6297,122
6298,44
6299,108
6300,9
6304,76
6307,72
6308,72
6310,107
6313,22
6314,63
6315,77
6317,28
6321,187
6322,49
6323,129
6324,156
6327,97
6329,77
6331,154
6332,109
6333,104
6334,12
6340,88
6341,109
6342,70
6343,93
6344,136
6346,75
6354,95
6355,192
6356,30
6359,109
6364,155
6367,162
6368,12
6369,197
6371,106
6374,172
6375,64
6376,109
6378,106
6379,10
6380,70
6382,12
6384,101
6385,107
6389,110
6396,74
6397,63
6398,126
6400,27
6401,110
6405,9
6406,72
6408,114
6409,93
6410,42
6412,110
6413,81
6415,107
6419,194
6420,190
6422,135
6424,110
6425,194
6426,22
6428,22
6430,110
6431,22
6432,70
6434,110
6437,110
6438,104
6442,125
6445,186
6449,2
6450,124
6451,40
6453,65
6454,72
6456,143
6459,40
6463,124
6466,88
6467,40
6468,89
6469,142
6472,144
6473,28
6474,40
6476,101
6482,72
6484,144
6485,92
6486,65
6487,143
6492,123
6493,141
6494,145
6495,3
6497,106
6498,124
6499,182
6501,63
6504,144
6505,143
6509,143
6511,7
6512,36
6516,143
6517,144
6519,143
6521,141
6522,40
6524,141
6525,61
6526,163
6527,137
6528,90
6530,112
6537,74
6541,145
6542,61
6545,124
6548,150
6549,44
6550,145
6551,65
6553,35
6554,65
6556,145
6557,156
6559,110
6561,145
6569,113
6571,176
6575,126
6576,60
6577,161
6578,113
6579,84
6581,113
6582,121
6583,16
6584,113
6589,50
6593,46
6594,113
6595,123
6596,110
6601,124
6602,123
6608,126
6609,46
6613,104
6615,110
6616,192
6618,110
6619,53
6620,194
6621,37
6624,63
6625,133
6626,61
6628,110
6630,133
6637,102
6640,110
6642,66
6643,110
6645,3
6646,53
6648,185
6650,86
6652,77
6653,83
6656,46
6657,110
6658,106
6660,114
6665,124
6670,53
6671,125
6672,126
6673,125
6677,113
6679,46
6684,174
6688,197
6689,197
6691,177
6692,46
6693,110
6695,122
6696,52
6701,113
6703,56
6704,29
6707,30
6708,58
6709,36
6711,113
6712,81
6713,182
6716,110
6717,92
6718,126
6719,142
6720,141
6722,84
6723,150
6724,93
6731,124
6733,43
6735,84
6737,29
6738,124
6740,65
6742,164
6744,195
6745,127
6746,149
6747,133
6748,182
6750,106
6755,26
6759,53
6760,8
6761,89
6762,40
6765,156
6766,77
6767,175
6769,126
6778,110
6780,4
6783,144
6784,150
6785,55
6788,120
6789,33
6790,63
6791,101
6793,174
6796,129
6797,149
6799,18
6800,42
6801,113
6802,133
6806,101
6807,194
6808,125
6812,106
6813,18
6814,150
6816,124
6824,110
6826,33
6827,110
6830,110
6831,33
6833,122
6836,149
6837,60
6839,18
6841,128
6842,184
6843,88
6844,126
6846,113
6850,37
6851,84
6852,194
6853,22
6855,102
6856,197
6859,53
6860,198
6862,53
6866,87
6867,58
6868,174
6870,37
6872,64
6875,190
6881,90
6883,124
6884,149
6888,177
6893,33
6894,124
6895,57
6897,68
6898,50
6901,126
6902,106
6903,55
6904,33
6906,62
6908,29
6910,4
6911,180
6912,126
6913,22
6917,32
6920,162
6921,32
6923,113
6924,126
6928,13
6931,124
6932,126
6936,124
6939,195
6940,35
6941,53
6942,187
6947,168
6948,146
6949,166
6951,67
6953,63
6954,176
6957,139
6960,84
6963,32
6964,103
6965,132
6966,123
6967,77
6970,23
6972,124
6973,52
6975,126
6976,28
6977,159
6978,52
6981,70
6982,22
6991,122
6992,133
6996,198
6997,18
6999,35
7000,17
7005,110
7007,133
7009,126
7010,85
7011,122
7012,22
7013,120
7015,110
7017,122
7018,124
7019,131
7020,1
7025,83
7026,124
7027,4
7030,141
7032,113
7033,53
7034,113
7036,142
7037,106
7040,40
7041,88
7043,150
7047,113
7048,141
7051,86
7054,149
7056,150
7058,124
7060,29
7061,72
7062,183
7064,110
7065,124
7067,113
7068,168
7069,40
7072,129
7073,40
7078,153
7081,13
7083,196
7085,133
7087,113
7091,85
7092,93
7094,187
7095,46
7096,164
7100,150
7102,31
7104,60
7105,28
7110,36
7112,106
7114,36
7115,28
7118,159
7119,135
7121,22
7122,56
7125,110
7126,42
7128,158
7130,150
7131,81
7133,90
7134,58
7135,150
7137,52
7138,124
7140,194
7148,132
7149,53
7150,113
7153,33
7155,113
7159,124
7160,122
7162,143
7165,182
7167,82
7169,124
7170,118
7172,124
7173,123
7174,34
7175,126
7176,182
7177,161
7181,123
7182,43
7183,74
7184,50
7189,123
7190,124
7192,144
7193,80
7196,50
7198,180
7199,174
7204,85
7206,143
7209,124
7210,124
7212,15
7213,124
7219,124
7222,124
7223,124
7224,17
7225,190
7226,126
7228,9
7233,122
7236,124
7237,34
7239,12
7240,124
7241,34
7242,149
7244,88
7246,124
7247,124
7249,111
7251,134
7252,56
7253,164
7255,106
7257,106
7261,197
7263,153
7266,119
7269,33
7271,176
7273,97
7277,124
7279,50
7280,121
7281,113
7282,184
7283,159
7284,126
7289,153
7291,150
7292,128
7293,33
7297,113
7299,33
7302,124
7303,176
7306,154
7309,150
7310,113
7311,182
7313,56
7314,122
7315,127
7317,33
7319,33
7321,192
7326,197
7329,33
7330,126
7331,55
7335,18
7338,163
7340,70
7341,104
7342,190
7344,18
7346,22
7347,104
7349,126
7350,33
7351,22
7352,124
7354,63
7355,113
7356,46
7357,33
7358,113
7361,124
7365,124
7369,12
7372,163
7374,69
7379,130
7383,68
7384,113
7385,156
7386,17
7387,113
7388,124
7389,126
7391,194
7394,124
7395,28
7396,124
7398,143
7400,128
7403,124
7404,64
7405,120
7408,92
7409,150
7413,85
7415,150
7418,146
7421,74
7422,104
7424,95
7425,11
7428,8
7431,92
7434,124
7436,113
7440,110
7441,60
7442,52
7443,110
7446,46
7447,124
7449,124
7450,31
7451,124
7452,128
7454,124
7457,42
7458,102
7463,133
7466,196
7470,187
7473,1
7475,124
7476,15
7477,182
7478,189
7479,124
7481,113
7483,113
7486,65
7487,110
7488,113
7492,126
7494,124
7497,182
7498,113
7500,124
7502,111
7505,176
7506,148
7507,138
7509,22
7510,190
7511,150
7512,6
7516,81
7518,192
7520,50
7521,77
7523,124
7526,110
7529,113
7531,124
7532,124
7533,52
7537,90
7538,28
7539,124
7540,22
7546,52
7548,127
7550,113
7552,13
7553,77
7557,102
7558,17
7559,121
7560,29
7562,52
7565,33
7573,45
7574,65
7576,124
7577,41
7580,60
7581,35
7582,85
7583,77
7586,124
7587,124
7588,69
7589,190
7591,180
7593,119
7596,124
7597,34
7601,17
7602,22
7603,56
7606,104
7607,26
7609,6
7611,101
7613,124
7614,41
7615,126
7620,110
7622,150
7623,124
7625,16
7629,46
7630,124
7631,124
7636,124
7637,18
7638,150
7640,178
7642,113
7644,157
7646,197
7647,146
7650,88
7651,129
7655,124
7659,32
7660,71
7661,52
7663,122
7667,122
7668,124
7669,110
7671,9
7672,123
7674,122
7675,184
7679,113
7680,194
7681,51
7683,33
7684,196
7689,93
7692,149
7693,34
7697,187
7701,146
7705,126
7709,84
7710,35
7712,28
7714,158
7715,85
7719,104
7720,63
7721,137
7722,36
7723,121
7724,44
7725,120
7727,90
7730,152
7733,110
7734,28
7735,110
7736,150
7737,14
7738,70
7739,123
7743,177
7745,93
7746,104
7747,1
7748,129
7749,106
7753,89
7754,125
7756,122
7757,124
7762,7
7768,124
7769,22
7771,73
7772,190
7775,150
7776,187
7777,93
7778,46
7781,169
7782,60
7783,29
7785,45
7786,93
7787,46
7793,106
7794,55
7796,61
7799,122
7801,150
7802,59
7805,133
7806,84
7807,83
7808,134
7809,95
7812,9
7813,17
7815,14
7819,72
7820,134
7822,22
7825,54
7829,134
7830,122
7836,134
7839,92
7841,119
7842,83
7849,9
7851,54
7852,56
7853,36
7856,95
7857,134
7858,134
7859,54
7860,13
7862,172
7863,89
7864,14
7865,134
7866,33
7874,145
7877,53
7879,32
7882,64
7884,77
7887,11
7888,35
7889,71
7891,72
7893,46
7894,86
7895,143
7897,44
7901,159
7903,86
7904,44
7906,40
7907,80
7908,33
7909,52
7913,45
7915,85
7917,89
7918,135
7919,10
7920,145
7922,138
7923,63
7924,149
7925,6
7926,40
7927,95
7928,22
7931,143
7932,35
7933,49
7942,13
7943,141
7944,79
7947,70
7949,9
7950,106
7951,95
7952,10
7953,145
7955,164
7956,141
7963,94
7965,27
7967,46
7970,8
7971,82
7973,101
7974,142
7975,95
7978,42
7980,72
7981,60
7984,40
7985,65
7986,10
7987,40
7989,61
7990,63
7991,78
7994,187
7996,28
7998,109
7999,135
8003,52
8005,187
8009,71
8011,161
8013,23
8015,41
8017,102
8021,140
8022,72
8025,52
8027,83
8028,97
8029,8
8030,104
8032,26
8033,52
8036,45
8037,50
8039,109
8040,120
8045,198
8049,137
8050,40
8051,66
8054,14
8056,157
8058,72
8059,143
8061,60
8063,40
8068,14
8069,66
8071,84
8072,84
8073,40
8077,101
8079,143
8080,40
8081,37
8082,33
8084,192
8086,10
8087,77
8088,9
8091,88
8093,9
8095,109
8097,54
8098,81
8100,89
8105,70
8106,139
8108,139
8109,139
8111,139
8118,139
8119,140
8122,139
8124,42
8126,139
8128,95
8130,139
8134,139
8135,42
8136,140
8137,140
8139,139
8140,42
8143,68
8148,17
8149,42
8150,139
8152,139
8154,140
8155,42
8156,139
8157,10
8159,139
8162,139
8164,95
8165,139
8166,66
8168,106
8171,67
8173,139
8174,70
8175,17
8176,57
8182,140
8184,140
8185,139
8186,67
8188,140
8189,140
8190,16
8195,35
8196,189
8197,140
8199,140
8200,68
8204,140
8207,70
8210,42
8213,18
8215,42
8216,104
8220,17
8222,17
8223,17
8224,140
8225,140
8227,162
8228,104
8232,144
8234,33
8235,65
8238,14
8242,65
8243,93
8244,106
8246,144
8248,141
8249,41
8252,144
8253,95
8254,144
8257,29
8260,64
8261,63
8262,33
8266,48
8268,84
8270,84
8272,143
8273,106
8275,150
8277,33
8278,61
8282,63
8283,101
8284,65
8285,198
8293,145
8296,61
8298,66
8300,72
8304,65
8307,138
8308,71
8310,153
8311,6
8313,61
8314,127
8315,65
8316,143
8317,145
8318,142
8319,37
8320,111
8325,65
8326,141
8327,142
8328,187
8330,90
8331,12
8332,143
8333,3
8334,52
8338,75
8342,61
8345,145
8346,141
8347,143
8348,84
8349,3
8351,143
8352,28
8353,143
8356,143
8357,143
8359,145
8360,127
8362,143
8364,144
8365,145
8367,143
8372,65
8375,101
8380,143
8382,143
8383,3
8386,143
8387,143
8388,136
8389,145
8393,144
8395,60
8396,143
8397,143
8399,102
8404,143
8412,27
8414,147
8417,3
8418,143
8420,144
8421,143
8423,58
8424,143
8425,124
8426,50
8428,143
8432,63
8433,145
8434,37
8438,145
8439,6
8440,113
8442,145
8443,63
8444,145
8446,145
8447,60
8448,84
8451,63
8454,33
8455,66
8457,139
8461,64
8463,143
8464,145
8465,138
8467,110
8468,145
8469,59
8474,64
8475,144
8476,146
8477,63
8478,143
8481,143
8485,143
8487,143
8488,110
8489,145
8490,143
8492,142
8493,143
8495,143
8497,28
8501,143
8503,144
8504,141
8505,60
8506,143
8507,9
8508,143
8509,93
8511,145
8519,172
8524,54
8525,104
8528,137
8529,141
8530,142
8531,145
8535,143
8537,3
8538,137
8539,141
8541,101
8542,34
8546,143
8547,90
8552,63
8554,90
8555,138
8558,93
8560,144
8561,143
8563,84
8565,196
8571,141
8573,136
8575,93
8577,143
8578,198
8580,63
8581,143
8582,144
8586,66
8590,143
8591,146
8593,143
8594,144
8595,147
8596,65
8600,144
8601,111
8604,93
8608,141
8610,63
8611,106
8613,8
8617,93
8618,8
8619,141
8620,64
8622,101
8623,106
8624,147
8627,145
8628,145
8629,106
8630,134
8631,28
8633,24
8634,145
8639,63
8640,66
8644,113
8645,153
8649,122
8651,33
8652,141
8654,149
8655,33
8658,32
8659,156
8660,37
8664,122
8665,153
8667,104
8669,65
8672,110
8675,70
8678,22
8680,31
8682,122
8684,190
8686,124
8690,58
8691,110
8692,84
8693,150
8694,28
8695,126
8696,187
8697,124
8699,113
8705,168
8706,182
8709,33
8712,21
8713,177
8715,33
8719,106
8720,194
8722,24
8723,124
8726,189
8727,124
8729,176
8735,83
8737,182
8739,22
8740,24
8741,122
8742,149
8743,109
8747,10
8748,135
8749,150
8752,83
8753,10
8757,176
8758,183
8760,108
8762,149
8763,194
8768,92
8771,90
8775,110
8776,150
8777,120
8778,197
8779,187
8780,150
8783,63
8784,65
8785,144
8788,80
8789,28
8791,133
8793,110
8795,124
8796,113
8797,190
8802,126
8803,106
8807,61
8808,28
8809,45
8811,187
8812,124
8817,81
8818,104
8821,124
8822,198
8825,33
8826,39
8827,22
8834,187
8840,133
8841,65
8844,113
8846,164
8849,126
8850,160
8854,102
8856,28
8857,66
8858,156
8859,33
8862,191
8864,32
8865,119
8867,81
8872,35
8873,30
8874,56
8876,163
8879,86
8880,150
8882,90
8883,106
8887,149
8888,157
8890,145
8891,14
8892,162
8895,53
8897,168
8898,18
8899,177
8900,14
8904,77
8905,32
8906,106
8909,197
8910,182
8919,192
8920,65
8921,124
8922,182
8923,156
8926,106
8930,77
8931,47
8932,158
8934,180
8936,18
8937,2
8939,37
8940,22
8942,106
8945,153
8946,178
8950,178
8952,25
8956,133
8959,153
8960,162
8965,164
8967,63
8968,41
8969,161
8971,115
8973,180
8976,33
8978,162
8979,37
8980,169
8981,179
8984,178
8986,32
8988,70
8990,35
8992,172
8993,33
8994,177
8995,7
8996,184
8998,33
8999,10
9001,113
9003,182
9004,164
9007,101
9008,182
9009,32
9010,172
9011,70
9013,14
9015,70
9016,151
9025,43
9026,159
9033,155
9034,109
9038,33
9044,122
9045,115
9046,24
9047,55
9048,157
9049,166
9050,155
9052,47
9053,33
9054,180
9056,37
9057,163
9061,11
9064,157
9066,153
9069,37
9071,119
9072,32
9073,117
9075,40
9077,77
9079,14
9081,174
9082,50
9084,153
9085,18
9088,182
9095,40
9096,35
9097,176
9098,153
9099,32
9102,43
9103,124
9108,117
9109,153
9110,153
9111,84
9113,169
9114,64
9121,46
9124,143
9127,196
9128,33
9130,180
9131,77
9132,153
9133,32
9135,156
9136,197
9137,178
9139,123
9140,33
9141,161
9147,33
9148,153
9149,180
9151,153
9152,77
9153,109
9155,161
9159,182
9165,126
9168,37
9169,31
9170,180
9171,15
9172,63
9173,77
9174,77
9175,20
9176,170
9177,155
9179,177
9180,33
9181,188
9182,176
9183,177
9186,14
9187,175
9188,89
9194,167
9195,32
9196,153
9198,26
9201,178
9205,180
9208,138
9213,28
9215,162
9216,109
9217,31
9219,47
9222,155
9229,106
9230,95
9231,88
9233,177
9238,43
9239,33
9240,169
9243,153
9245,67
9246,154
9248,165
9249,33
9250,153
9252,113
9254,125
9257,105
9258,106
9259,162
9260,70
9262,102
9264,89
9266,18
9267,34
9268,149
9270,156
9272,33
9276,152
9278,153
9279,28
9280,86
9282,70
9285,164
9289,78
9294,47
9296,192
9297,70
9298,28
9301,81
9303,93
9306,88
9309,95
9310,2
9312,184
9316,4
9319,169
9320,12
9321,89
9323,124
9325,4
9327,104
9329,99
9330,50
9333,29
9334,40
9338,162
9339,165
9341,9
9343,46
9344,13
9346,157
9347,190
9348,70
9349,187
9352,58
9353,16
9355,115
9356,171
9362,139
9363,40
9366,9
9368,95
9370,47
9375,138
9377,164
9378,185
9379,9
9380,47
9383,27
9384,9
9385,33
9389,69
9390,19
9392,156
9395,33
9396,169
9397,59
9398,162
9399,16
9401,53
9403,133
9407,180
9410,176
9412,95
9413,75
9416,16
9418,95
9419,169
9420,177
9422,77
9426,169
9428,177
9431,12
9433,177
9435,166
9436,168
9439,175
9440,182
9443,124
9448,11
9449,180
9451,161
9452,95
9453,177
9455,169
9456,177
9457,161
9459,33
9462,180
9463,169
9466,162
9467,180
9470,155
9471,175
9472,177
9473,176
9475,169
9476,166
9479,177
9482,153
9486,177
9487,101
9489,176
9490,70
9492,153
9493,77
9494,161
9495,14
9498,170
9500,125
9504,69
9505,95
9507,47
9509,95
9510,69
9514,95
9518,173
9520,126
9523,177
9524,169
9527,149
9528,101
9529,95
9533,182
9534,180
9535,47
9537,17
9539,169
9541,163
9542,173
9547,124
9548,33
9549,106
9550,194
9552,70
9554,161
9555,18
9556,163
9558,169
9560,33
9561,98
9564,176
9566,169
9567,180
9569,161
9571,182
9573,139
9577,16
9580,176
9584,169
9586,157
9587,95
9588,177
9591,164
9593,180
9595,162
9597,78
9598,17
9599,33
9600,164
9602,77
9604,164
9606,164
9610,123
9611,40
9613,54
9614,75
9615,164
9618,164
9619,60
9623,56
9628,35
9631,60
9633,16
9634,164
9636,75
9637,41
9640,172
9641,162
9643,6
9645,106
9648,164
9649,75
9652,101
9654,12
9655,53
9658,101
9659,83
9661,192
9662,55
9663,185
9667,81
9668,162
9669,33
9673,169
9676,63
9678,16
9683,152
9684,191
9686,95
9687,89
9688,97
9689,185
9690,6
9692,166
9696,14
9697,31
9698,182
9699,197
9702,140
9705,139
9706,95
9708,180
9711,64
9714,63
9716,69
9717,93
9718,124
9720,51
9722,33
9727,33
9728,31
9730,31
9732,14
9733,32
9737,77
9738,46
9739,145
9742,114
9743,172
9744,75
9752,37
9754,180
9755,166
9756,164
9758,166
9759,169
9761,18
9763,177
9766,170
9767,177
9768,180
9771,167
9772,20
9773,177
9775,75
9776,180
9777,46
9778,180
9782,47
9785,161
9787,152
9789,168
9790,55
9791,20
9795,178
9796,43
9798,32
9800,55
9802,180
9803,133
9805,88
9807,98
9809,176
9813,47
9816,182
9817,55
9818,47
9819,47
9820,154
9821,177
9823,177
9830,95
9832,31
9835,169
9836,77
9837,172
9838,37
9842,139
9843,70
9845,15
9847,180
9848,177
9849,12
9851,180
9854,47
9856,47
9860,75
9863,156
9865,47
9866,180
9868,162
9870,162
9872,33
9873,12
9876,163
9877,77
9879,176
9883,169
9885,16
9887,6
9889,169
9891,169
9892,167
9894,176
9897,162
9900,149
9903,155
9904,169
9905,162
9907,139
9908,126
9911,182
9913,162
9914,169
9915,169
9917,169
9918,180
9919,169
9920,12
9921,124
9922,177
9925,139
9927,169
9931,172
9932,158
9934,55
9942,153
9943,164
9945,12
9949,7
9952,43
9957,176
9958,106
9959,126
9961,162
9971,37
9972,161
9976,77
9978,33
9980,123
9981,18
9982,161
9983,177
9984,182
9985,33
9986,177
9987,162
9989,178
9990,170
9991,32
9992,70
9993,70
9996,169
9997,14
9998,175
9999,152
10000,18
10006,97
10007,162
10010,89
10011,78
10017,159
10021,124
10022,168
10024,15
10028,171
10029,122
10030,104
10031,106
10032,138
10033,33
10035,197
10037,157
10039,125
10041,106
10042,9
10044,24
10047,152
10048,55
10052,81
10054,36
10055,122
10056,177
10057,89
10058,153
10059,85
10062,66
10064,159
10065,78
10068,162
10069,32
10070,19
10077,10
10079,172
10080,47
10081,161
10082,176
10084,126
10088,33
10089,125
10090,180
10091,180
10092,77
10093,182
10094,88
10095,177
10096,33
10098,126
10100,37
10105,162
10109,182
10110,180
10112,113
10115,89
10116,125
10118,55
10121,124
10122,162
10127,124
10130,177
10131,199
10133,176
10135,124
10136,141
10137,109
10138,156
10139,98
10141,17
10142,18
10145,169
10147,67
10150,126
10151,14
10154,55
10161,80
10163,128
10164,141
10167,32
10172,140
10173,161
10174,175
10175,177
10176,140
10177,110
10178,190
10181,43
10182,18
10185,126
10187,97
10188,113
10192,155
10193,194
10195,46
10196,176
10198,46
10201,21
10205,26
10206,124
10210,55
10211,55
10216,70
10217,60
10218,199
10219,75
10221,124
10222,43
10224,122
10226,41
10228,64
10229,124
10231,124
10232,52
10233,139
10234,33
10235,172
10238,33
10239,67
10241,124
10242,106
10251,124
10253,169
10254,76
10256,180
10257,192
10258,105
10259,182
10261,59
10268,180
10272,14
10274,176
10276,68
10279,162
10282,32
10285,124
10286,1
10288,180
10289,184
10290,182
10292,176
10293,95
10294,169
10295,175
10296,55
10297,55
10298,156
10299,73
10301,12
10302,126
10307,46
10308,177
10310,182
10312,96
10313,177
10316,56
10317,161
10318,182
10320,169
10323,180
10325,55
10327,177
10329,180
10332,162
10334,180
10337,75
10338,161
10339,33
10341,33
10342,33
10343,129
10351,161
10352,182
10355,177
10356,180
10358,47
10359,12
10361,161
10364,162
10366,182
10367,16
10369,182
10371,177
10374,64
10377,47
10380,88
10381,177
10383,180
10384,161
10385,70
10386,161
10387,162
10389,161
10390,176
10391,47
10392,77
10393,31
10396,106
10399,16
10400,88
10401,149
10408,70
10412,177
10415,33
10417,95
10419,177
10421,177
10422,98
10423,55
10425,177
10427,177
10431,106
10432,60
10434,26
10438,56
10439,67
10442,178
10443,172
10445,151
10447,22
10449,125
10450,42
10453,43
10454,113
10456,33
10463,157
10464,52
10465,69
10468,166
10471,157
10472,37
10473,43
10475,178
10477,177
10478,178
10480,24
10482,120
10485,176
10488,70
10489,182
10490,155
10493,101
10494,177
10496,33
10499,153
10500,55
10501,163
10504,32
10505,31
10506,18
10514,161
10515,33
10517,153
10519,14
10520,35
10521,152
10522,170
10525,60
10528,69
10529,73
10532,95
10534,67
10535,14
10536,104
10537,33
10538,49
10543,139
10546,180
10547,47
10548,14
10549,12
10551,182
10554,16
10557,161
10563,90
10565,182
10567,182
10568,169
10569,180
10570,177
10572,180
10576,176
10577,75
10578,180
10581,161
10584,172
10585,161
10587,55
10588,153
10591,157
10592,162
10594,177
10596,180
10597,55
10600,55
10601,124
10604,143
10608,147
10610,47
10611,33
10615,77
10616,125
10618,17
10619,169
10621,103
10623,176
10625,75
10627,52
10629,153
10631,124
10635,18
10637,69
10639,173
10641,156
10642,124
10644,31
10646,13
10647,13
10649,37
10650,37
10652,153
10653,37
10654,168
10655,113
10661,182
10662,177
10664,169
10666,177
10667,95
10668,165
10669,88
10671,77
10672,169
10673,180
10675,182
10678,106
10679,95
10680,177
10684,88
10685,180
10688,161
10689,95
10695,177
10697,161
10699,182
10703,47
10705,18
10706,175
10707,141
10712,169
10713,176
10714,180
10719,180
10720,176
10721,47
10722,194
10725,109
10726,52
10729,33
10730,46
10732,90
10733,124
10736,81
10737,154
10740,88
10742,54
10744,113
10745,85
10746,92
10748,113
10749,33
10751,50
10752,81
10754,61
10755,177
10759,198
10762,119
10768,148
10769,43
10770,198
10773,85
10775,102
10778,133
10779,144
10780,159
10782,53
10784,94
10786,153
10787,33
10793,55
10797,149
10798,37
10804,85
10806,124
10807,6
10809,184
10810,115
10811,28
10812,187
10815,36
10816,143
10819,125
10824,124
10825,119
10826,60
10827,13
10828,177
10829,8
10831,6
10833,93
10835,46
10837,34
10838,106
10839,32
10840,183
10844,17
10845,72
10846,44
10847,60
10848,73
10856,109
10857,17
10858,106
10860,152
10861,8
10862,93
10864,185
10865,144
10866,28
10868,104
10869,185
10872,147
10875,185
10876,33
10879,89
10881,124
10882,17
10883,17
10886,143
10887,63
10889,185
10891,68
10892,143
10898,60
10900,48
10902,109
10903,155
10906,33
10908,101
10910,17
10911,161
10912,177
10915,68
10916,60
10917,139
10919,82
10921,42
10922,43
10923,66
10925,186
10927,31
10928,41
10929,43
10930,143
10935,168
10936,177
10937,43
10938,146
10942,171
10945,11
10947,36
10949,95
10951,54
10952,185
10955,32
10962,187
10963,190
10970,187
10971,25
10973,28
10974,14
10976,187
10981,125
10984,28
10985,65
10986,187
10987,133
10990,90
10993,28
10998,28
11002,187
11004,6
11005,74
11010,110
11011,187
11012,122
11016,149
11017,199
11026,23
11027,138
11028,32
11029,8
11031,190
11032,12
11033,190
11035,56
11039,187
11040,6
11041,36
11042,32
11043,139
11046,152
11048,26
11049,190
11051,30
11052,137
11053,56
11055,187
11058,89
11062,28
11063,194
11064,190
11066,83
11068,57
11070,106
11077,139
11078,124
11079,140
11080,194
11081,192
11085,189
11091,8
11094,10
11097,4
11098,62
11100,7
11102,83
11103,119
11104,106
11105,137
11110,33
11111,183
11114,135
11115,35
11117,28
11118,57
11119,110
11122,57
11123,130
11124,57
11125,190
11126,47
11128,124
11130,195
11131,32
11133,126
11136,190
11137,134
11138,106
11140,28
11141,28
11142,187
11144,122
11145,28
11150,12
11152,29
11160,190
11161,6
11163,187
11164,10
11165,192
11167,28
11168,33
11169,28
11170,33
11171,192
11172,10
11175,192
11176,110
11180,49
11182,28
11184,190
11186,178
11187,190
11190,170
11191,57
11192,57
11194,140
11197,191
11200,58
11201,132
11202,134
11203,72
11204,57
11205,191
11207,24
11208,57
11209,57
11212,89
11213,189
11217,57
11222,192
11223,57
11225,47
11227,163
11230,32
11231,25
11234,191
11239,191
11241,35
11245,35
11246,52
11247,185
11249,36
11250,163
11253,28
11255,124
11257,190
11258,192
11259,22
11260,6
11262,30
11263,190
11266,153
11267,122
11270,55
11273,110
11274,28
11275,122
11278,192
11281,109
11282,150
11284,33
11285,52
11287,187
11288,187
11290,184
11296,192
11297,187
11298,125
11301,187
11305,26
11307,89
11308,57
11310,5
11311,89
11312,89
11314,87
11315,124
11318,194
11320,150
11321,152
11325,187
11327,10
11329,35
11331,185
11334,140
11335,182
11336,129
11337,197
11338,51
11340,183
11343,176
11344,33
11346,181
11348,124
11349,40
11352,156
11353,95
11357,53
11361,135
11362,164
11365,65
11368,119
11370,104
11371,60
11372,28
11373,110
11374,150
11377,32
11378,184
11379,124
11380,61
11381,4
11384,150
11388,52
11389,14
11393,9
11395,153
11398,194
11399,191
11400,124
11402,190
11404,14
11409,92
11410,6
11413,126
11415,88
11417,194
11418,189
11419,92
11420,62
11422,194
11427,32
11430,69
11432,40
11434,120
11437,130
11438,196
11442,14
11444,124
11445,36
11449,45
11450,120
11453,189
11454,185
11457,17
11458,173
11459,133
11461,34
11462,32
11463,187
11467,56
11469,137
11470,192
11472,94
11476,120
11477,35
11478,153
11481,139
11482,194
11483,124
11486,7
11488,195
11494,52
11495,156
11496,88
11497,85
11499,101
11501,124
11502,37
11503,18
11504,121
11505,196
11513,12
11514,23
11515,197
11519,120
11520,18
11521,26
11523,68
11525,88
11526,102
11527,124
11528,93
11531,52
11534,28
11537,130
11538,197
11539,31
11541,33
11543,184
11544,126
11547,33
11549,115
11550,142
11551,173
11559,185
11562,124
11563,42
11564,51
11566,90
11567,93
11568,53
11570,35
11571,185
11574,95
11575,89
11576,185
11577,48
11578,120
11581,124
11583,153
11586,169
11587,7
11588,124
11592,197
11593,182
11595,124
11597,53
11600,97
11602,124
11603,180
11608,42
11609,187
11611,117
11615,93
11618,92
11620,97
11625,150
11628,52
11629,93
11630,17
11631,198
11632,71
11637,187
11638,126
11639,3
11641,93
11644,34
11645,46
11646,195
11648,88
11649,194
11650,184
11651,63
11653,184
11654,189
11656,52
11658,65
11659,180
11661,22
11662,93
11665,99
11670,184
11672,97
11673,141
11674,125
11675,42
11676,124
11678,195
11679,77
11680,150
11683,13
11684,36
11687,37
11689,22
11692,121
11693,197
11695,17
11699,36
11700,113
11701,107
11704,65
11707,149
11709,52
11711,49
11712,23
11713,52
11714,52
11720,172
11723,153
11725,60
11727,122
11729,124
11730,182
11733,96
11735,177
11737,47
11740,77
11741,169
11742,157
11744,126
11745,77
11747,177
11749,182
11751,55
11756,177
11757,158
11761,180
11764,153
11766,180
11768,177
11769,77
11771,127
11773,176
11775,109
11777,161
11779,177
11780,33
11783,33
11785,176
11786,180
11788,200
