,体重_g,跗蹠长度_mm,翅长_mm,尾长_mm,喙长_mm,喙宽_mm,喙深_mm
color_hist_h_0,0.030655030776550126,-0.012819137737839551,-0.05398590331914325,-0.03350539047826596,-0.08658876905175668,-0.05757244196873517,-0.0618559952235535
color_hist_h_1,-0.6111850511200779,-0.36948683732524895,-0.5766881610840568,-0.4132589003006197,-0.4701245724569455,-0.40713746846002424,-0.4488092610361477
color_hist_h_2,-0.2585486937094431,-0.1951665154722838,-0.22063425692760902,-0.08410099020254212,-0.14018133970320776,-0.07406318417101937,-0.1412852618879468
color_hist_h_3,0.20725746904010575,0.15927127969206104,0.2149993343580162,0.13739670198183615,0.2683026258949017,0.21979429527556124,0.22183367320786904
color_hist_h_4,0.6255150329662506,0.38282201079906847,0.6733788722386157,0.45528464437471977,0.5948848847208397,0.4894253943635571,0.5307701049206551
color_hist_h_5,0.5537248690193175,0.3596941591726989,0.5980570655070929,0.43581608642691466,0.49511623754828443,0.4133315301606229,0.47459084344579017
color_hist_h_6,0.42740112137860425,0.26631269241469624,0.4529501216046402,0.30088698685091425,0.4276267410021056,0.34763711822308774,0.3509756155057631
color_hist_h_7,0.23745423440746444,0.09341071878373412,0.2164843798375575,0.09574522343980661,0.20461438261051482,0.24674675292855985,0.2060598843599341
color_hist_s_0,0.5030786660388584,0.3024951980886404,0.5533871974916782,0.35618978192443823,0.4431362743382013,0.33764125142395035,0.4069576014816977
color_hist_s_1,0.42607207668942715,0.24130671072598095,0.4269168243344994,0.25079690810582755,0.3053948471962818,0.23246597872554461,0.25480418482568157
color_hist_s_2,0.03615496571206691,0.06099122370195781,-0.017412533259106543,0.025028538687762693,-0.08027934868115814,0.0226758019965722,-0.04589168174927516
color_hist_s_3,-0.24740331894580211,-0.14535331585943856,-0.3133910976073223,-0.1476788786935694,-0.30468004957227085,-0.11024109547473404,-0.1900685673953079
color_hist_s_4,-0.4750397232283634,-0.3066467355866769,-0.5208549511911206,-0.30492365437316593,-0.43705861940917606,-0.2399848209715299,-0.3249457510043109
color_hist_s_5,-0.5652437563423321,-0.3811756467867487,-0.591029350283203,-0.3699041010705497,-0.44585445543937213,-0.33305853095296123,-0.41266508920550465
color_hist_s_6,-0.5797507441403364,-0.39600342362481256,-0.5857679391524039,-0.4134906599186754,-0.4182166140442444,-0.36663939228604825,-0.4276527764455345
color_hist_s_7,-0.5279307516911629,-0.349353943102612,-0.5148795181933905,-0.3707703870215346,-0.36282092325835213,-0.31977996898586697,-0.4066905669660353
color_hist_v_0,0.459951465885149,0.30702851202506903,0.4949754086297202,0.33005044713848625,0.45805551834575897,0.42927315607795635,0.375007971818426
color_hist_v_1,0.4213881691928633,0.2861823184057504,0.42363472382011924,0.23036756028511193,0.36402175326469166,0.36554040955728756,0.292535561811217
color_hist_v_2,0.0867201659688064,-0.004400554742724512,0.06999814369425807,-0.04011391473292215,0.008010533708748496,-0.012361867841124563,-0.07476216341593396
color_hist_v_3,-0.1331542273158464,-0.14573509229783072,-0.1812903020183675,-0.10477859832609411,-0.21220563838450765,-0.20188275219390997,-0.1785170743020463
color_hist_v_4,-0.39629382539461966,-0.30223042975317393,-0.440739747661745,-0.24604246079561695,-0.40350513387913267,-0.3109003385692524,-0.27520007110482936
color_hist_v_5,-0.46367609112581126,-0.32079121510573244,-0.4763470881371104,-0.2913983430709057,-0.3650725732764854,-0.3669994685384749,-0.30161473534373895
color_hist_v_6,-0.3220570791812669,-0.23390894842369836,-0.2857407508150144,-0.17171437616998664,-0.22819070340331365,-0.22941208200965055,-0.18644484901001263
color_hist_v_7,-0.20092950626212197,-0.134295300081019,-0.13565440441828147,-0.0991361141622332,-0.05604073376243938,-0.11972310345530414,-0.16345737775442207
lab_mean_l,-0.4017315082369075,-0.2439543940806456,-0.37122761885170047,-0.2431960926709523,-0.3137279023933039,-0.3610927176809584,-0.29501613243845176
lab_std_l,-0.15195510949620902,-0.07848843540099947,-0.1278954167991629,-0.0795333006428036,-0.06512533903213617,-0.00393383305776183,-0.0977098795329568
lab_mean_a,0.31179823422722375,0.14506829612154265,0.2600164630082933,0.15947011803160707,0.1880622798123255,0.1953293643997438,0.20879098736984095
lab_std_a,-0.4724431359180185,-0.3704724055768154,-0.4801692051895056,-0.30783752529920605,-0.3619306139407225,-0.22090303006949183,-0.32242167475373784
lab_mean_b,-0.6881256382501821,-0.415222754582299,-0.7077936761925313,-0.4542571017315602,-0.5805469294421471,-0.4919129211407383,-0.5521576193731336
lab_std_b,-0.504827724851026,-0.33881421321599786,-0.47757037560030835,-0.29986319436338665,-0.37112922680627414,-0.2519018446091356,-0.36421482674576744
shape_area_ratio,-0.11272954053499365,0.022139283167035867,-0.14637298267491017,-0.014046582935103977,-0.1364580916385797,-0.024159616220113943,-0.06853260821206789
shape_aspect_ratio,0.20213554681528043,0.20565074151520238,0.2665491630723361,0.18322285377337386,0.16580004657174835,-0.028527791257365494,0.0803331334940933
shape_extent,0.25267599623977227,0.227252987491887,0.2450377542851017,0.10903802509288478,0.21164985135471528,0.0790562415380031,0.16280779379216462
shape_solidity,0.33515701966725303,0.25555619751689285,0.35117425471710656,0.19407430411004004,0.2772664731189891,0.179369734669789,0.24512793411768974
shape_compactness,0.41951085606813965,0.22549186553246697,0.4701541484782354,0.2521019622657528,0.39173234950717417,0.23537509478160876,0.30589103807910806
hu_1,-0.021505473122333668,-0.08200542895624666,0.045294637148979286,0.14661458452521653,0.021263166676901788,0.0011747487735421485,-0.030359424120562965
hu_2,0.17376734293336968,0.09170060035635864,0.2550123097560208,0.3152793341352858,0.22081696212141227,0.16154671033352597,0.13151749935155377
hu_3,0.02255025825327256,-0.024906974832393538,0.03849417888483736,0.01209200181972161,0.0056651274440240994,0.02221220382157281,0.0018587402522793654
hu_4,-0.12417642543692425,-0.14882680640205953,-0.07812389254544519,0.012071000948182583,-0.0924774113876541,-0.06937694177745755,-0.09815768741455921
hu_5,-0.039296071331860215,-0.015181801354608294,-0.04735870036094781,-0.023106208910815263,-0.03700896575440714,-0.0424372368250657,-0.03526205781261217
hu_6,0.03661998134823497,-0.015550826909989317,0.03173047174619923,0.03100253660948969,0.020857389641655257,0.035313728297890576,0.037987910143840266
hu_7,0.007070487745413438,0.014917783071083658,0.05065505131174783,0.1547374216240619,-0.02950846602711454,0.06303134798729597,0.02969558831617748
glcm_contrast_mean,-0.15562948304715635,-0.032228981888551146,-0.18395663367481663,0.04069518885587738,-0.1688647507603201,0.0020456832090992587,-0.09585563986240209
glcm_contrast_std,-0.11490611372234803,-0.023518628688063713,-0.11788111011086212,0.04435759084605854,-0.10113823842275886,0.06339367471630035,-0.055275394645164934
glcm_dissimilarity_mean,-0.226562368168057,-0.04042254930111678,-0.28099460546423793,-0.05081460881318317,-0.2629645202389876,-0.1012444402760808,-0.1686758022641507
glcm_dissimilarity_std,-0.2529280047135666,-0.08146239135036076,-0.2808176000434441,-0.15676925594546284,-0.2345166248733122,-0.10006519054938331,-0.19194305968362352
glcm_homogeneity_mean,0.25374403215251956,0.04444357776127463,0.31708121061709166,0.09141529374713493,0.3002660054827591,0.14440633055915525,0.2016605657240913
glcm_homogeneity_std,-0.30977466618467303,-0.09872333668772555,-0.36345213072725363,-0.32077181207386796,-0.30316869887722137,-0.19384329969962438,-0.2564258944404629
glcm_ASM_mean,0.17730146176824696,-0.031320668986993386,0.21105496356159814,0.14728661241446542,0.184501042541807,0.09024486092330397,0.14424889495362708
glcm_ASM_std,-0.17807173766880277,-0.19935180530770272,-0.19913784859976388,-0.29209512198732557,-0.12166860627630416,-0.14655403537310874,-0.1103160089436941
glcm_energy_mean,0.1855412388310572,-0.022957589835573868,0.22104901962972334,0.14002031086196182,0.195485524392427,0.09965335333567027,0.15223367703010562
glcm_energy_std,-0.36704359185442886,-0.1425593723761168,-0.439885471499524,-0.5048609517982267,-0.32565669715959006,-0.28114003630618467,-0.27631771556645013
glcm_correlation_mean,0.4687132605008189,0.29924747318051065,0.535730156744526,0.22739818705571868,0.47326128144289925,0.30266659493042825,0.3316043616659267
glcm_correlation_std,-0.5065467826544086,-0.3485723889792237,-0.5606309193307741,-0.28663489538717835,-0.4809312924640287,-0.3121891114893964,-0.3509853667661665
lbp_0,-0.10388749322082381,-0.009785177633131753,-0.2036559869678229,-0.005388223612013401,-0.2027167561795098,-0.012230590040760657,-0.06356621627891951
lbp_1,0.005673190761250371,0.09824555360077898,-0.10340716684612065,0.03169706543253039,-0.09614290560438199,0.015484029013207846,0.019352501415983707
lbp_2,-0.09703001263778413,0.017761229982566296,-0.20164367534074748,-0.11956846210745439,-0.19730964592610456,-0.07934280222222603,-0.10085278577066889
lbp_3,-0.39188142702756046,-0.2674572716779309,-0.36520718447580247,-0.3396980975172903,-0.2934052983822046,-0.2791146073862844,-0.31251364408692667
lbp_4,-0.2183030904495365,-0.24775040695825404,-0.1229490153155392,-0.21788404221741273,-0.06748199604645151,-0.18562680971456236,-0.18235532041621638
lbp_5,0.2475330733087974,0.12698154359622155,0.3112947834076668,0.11524903285055223,0.3090790926623279,0.1400614104465396,0.2045304366705081
lbp_6,0.4182260628669205,0.3602041944931442,0.32195560989564664,0.19843498507889387,0.23219747035763336,0.267195333272101,0.3106631549011425
lbp_7,0.1966603627120113,0.2028830498498447,0.10616425128187512,0.2170072558306583,0.04325088162746004,0.18903253093543168,0.14604987774044015
lbp_8,0.2964077167205001,0.1762232036293913,0.3433140139971102,0.41733831959707585,0.2662692404188327,0.2452419342569599,0.23790074996486016
lbp_9,-0.003965383336162177,0.052169862814079336,-0.09851326697035953,0.08695485863847072,-0.13921827553822338,0.06801990440112438,0.016028071715377512
fractal_dimension,-0.10819263798147653,-0.030511362941757363,-0.20266220653328137,-0.15114702262201457,-0.1970418780858402,-0.09309471442948955,-0.12439682896620752
symmetry_correlation,0.3371340861461869,0.287162636293724,0.34411728859740753,0.22258898747328132,0.3374932357792305,0.21418085653200064,0.31309046864463563
symmetry_mask_iou,0.45771039052890683,0.41090695570900143,0.4265845641590263,0.19638740010383865,0.40833770585342727,0.17918894638471644,0.3360479360220619
segmentation_quality,0.2549830738153415,0.13785729675277608,0.28847083442386806,0.0484100090219645,0.2145885471478685,0.14576936920636221,0.16705409264936943
